[
    {
        "name": "Bitcoin",
        "rank": 1,
        "market_cap_usd": 1810000000000.0,
        "price_usd": 91472.0
    },
    {
        "name": "Ethereum",
        "rank": 2,
        "market_cap_usd": 379440000000.0,
        "price_usd": 3150.84
    },
    {
        "name": "Tether",
        "rank": 3,
        "market_cap_usd": 124070000000.0,
        "price_usd": 1.000488
    },
    {
        "name": "Solana",
        "rank": 4,
        "market_cap_usd": 113280000000.0,
        "price_usd": 240.04
    },
    {
        "name": "Binance Coin",
        "rank": 5,
        "market_cap_usd": 91340000000.0,
        "price_usd": 618.93
    },
    {
        "name": "XRP",
        "rank": 6,
        "market_cap_usd": 63810000000.0,
        "price_usd": 1.122077
    },
    {
        "name": "Dogecoin",
        "rank": 7,
        "market_cap_usd": 56410000000.0,
        "price_usd": 0.384371
    },
    {
        "name": "USD Coin",
        "rank": 8,
        "market_cap_usd": 36720000000.0,
        "price_usd": 0.999975
    },
    {
        "name": "Cardano",
        "rank": 9,
        "market_cap_usd": 26090000000.0,
        "price_usd": 0.744893
    },
    {
        "name": "TRON",
        "rank": 10,
        "market_cap_usd": 17650000000.0,
        "price_usd": 0.204233
    },
    {
        "name": "Shiba Inu",
        "rank": 11,
        "market_cap_usd": 14880000000.0,
        "price_usd": 2.525e-05
    },
    {
        "name": "Avalanche",
        "rank": 12,
        "market_cap_usd": 14300000000.0,
        "price_usd": 35.11
    },
    {
        "name": "Wrapped Bitcoin",
        "rank": 13,
        "market_cap_usd": 14190000000.0,
        "price_usd": 91299.0
    },
    {
        "name": "Toncoin",
        "rank": 14,
        "market_cap_usd": 14150000000.0,
        "price_usd": 5.56
    },
    {
        "name": "Chainlink",
        "rank": 15,
        "market_cap_usd": 9400000000.0,
        "price_usd": 15.0
    },
    {
        "name": "Bitcoin Cash",
        "rank": 16,
        "market_cap_usd": 9060000000.0,
        "price_usd": 457.7
    },
    {
        "name": "Polkadot",
        "rank": 17,
        "market_cap_usd": 9020000000.0,
        "price_usd": 5.94
    },
    {
        "name": "Sui Crypto",
        "rank": 18,
        "market_cap_usd": 8730000000.0,
        "price_usd": 3.73
    },
    {
        "name": "Pepe Coin",
        "rank": 19,
        "market_cap_usd": 8550000000.000001,
        "price_usd": 2.032e-05
    },
    {
        "name": "NEAR Protocol",
        "rank": 20,
        "market_cap_usd": 7200000000.0,
        "price_usd": 5.91
    },
    {
        "name": "Stellar",
        "rank": 21,
        "market_cap_usd": 6930000000.0,
        "price_usd": 0.231727
    },
    {
        "name": "Litecoin",
        "rank": 22,
        "market_cap_usd": 6670000000.0,
        "price_usd": 88.77
    },
    {
        "name": "Aptos",
        "rank": 23,
        "market_cap_usd": 6160000000.0,
        "price_usd": 11.84
    },
    {
        "name": "UNUS SED LEO",
        "rank": 24,
        "market_cap_usd": 5590000000.0,
        "price_usd": 6.04
    },
    {
        "name": "Uniswap",
        "rank": 25,
        "market_cap_usd": 5500000000.0,
        "price_usd": 9.16
    },
    {
        "name": "Hedera Hashgraph",
        "rank": 26,
        "market_cap_usd": 5390000000.0,
        "price_usd": 0.1507
    },
    {
        "name": "Multi-Collateral Dai",
        "rank": 27,
        "market_cap_usd": 5350000000.0,
        "price_usd": 1.00067
    },
    {
        "name": "Kaspa",
        "rank": 28,
        "market_cap_usd": 4460000000.0,
        "price_usd": 0.177398
    },
    {
        "name": "Cronos",
        "rank": 29,
        "market_cap_usd": 4460000000.0,
        "price_usd": 0.167679
    },
    {
        "name": "Internet Computer",
        "rank": 30,
        "market_cap_usd": 4450000000.0,
        "price_usd": 9.38
    },
    {
        "name": "Ethereum Classic",
        "rank": 31,
        "market_cap_usd": 3950000000.0,
        "price_usd": 26.39
    },
    {
        "name": "Bonk",
        "rank": 32,
        "market_cap_usd": 3720000000.0,
        "price_usd": 4.964e-05
    },
    {
        "name": "Bittensor",
        "rank": 33,
        "market_cap_usd": 3630000000.0,
        "price_usd": 492.36
    },
    {
        "name": "Dogwifhat",
        "rank": 34,
        "market_cap_usd": 3370000000.0,
        "price_usd": 3.37
    },
    {
        "name": "Fetch.ai",
        "rank": 35,
        "market_cap_usd": 3340000000.0,
        "price_usd": 1.322993
    },
    {
        "name": "MANTRA DAO",
        "rank": 36,
        "market_cap_usd": 3260000000.0,
        "price_usd": 3.89
    },
    {
        "name": "Render Token",
        "rank": 37,
        "market_cap_usd": 2940000000.0,
        "price_usd": 7.48
    },
    {
        "name": "Stacks",
        "rank": 38,
        "market_cap_usd": 2900000000.0,
        "price_usd": 1.933327
    },
    {
        "name": "Arbitrum",
        "rank": 39,
        "market_cap_usd": 2830000000.0,
        "price_usd": 0.71064
    },
    {
        "name": "Monero",
        "rank": 40,
        "market_cap_usd": 2790000000.0,
        "price_usd": 151.49
    },
    {
        "name": "Filecoin",
        "rank": 41,
        "market_cap_usd": 2690000000.0,
        "price_usd": 4.49
    },
    {
        "name": "OKB",
        "rank": 42,
        "market_cap_usd": 2650000000.0,
        "price_usd": 44.09
    },
    {
        "name": "VeChain",
        "rank": 43,
        "market_cap_usd": 2620000000.0,
        "price_usd": 0.032409
    },
    {
        "name": "Injective",
        "rank": 44,
        "market_cap_usd": 2530000000.0,
        "price_usd": 25.55
    },
    {
        "name": "Polygon Ecosystem Token",
        "rank": 45,
        "market_cap_usd": 2520000000.0,
        "price_usd": 0.444534
    },
    {
        "name": "Aave",
        "rank": 46,
        "market_cap_usd": 2490000000.0,
        "price_usd": 166.17
    },
    {
        "name": "Mantle",
        "rank": 47,
        "market_cap_usd": 2470000000.0,
        "price_usd": 0.732997
    },
    {
        "name": "Cosmos",
        "rank": 48,
        "market_cap_usd": 2460000000.0,
        "price_usd": 6.3
    },
    {
        "name": "Floki Inu",
        "rank": 49,
        "market_cap_usd": 2410000000.0,
        "price_usd": 0.000252
    },
    {
        "name": "First Digital USD",
        "rank": 50,
        "market_cap_usd": 2320000000.0,
        "price_usd": 0.997849
    }
]