[
    {
        "name": "Bitcoin",
        "rank": 1,
        "market_cap_usd": 1910000000000.0,
        "price_usd": 96474.0
    },
    {
        "name": "Ethereum",
        "rank": 2,
        "market_cap_usd": 442690000000.0,
        "price_usd": 3675.6
    },
    {
        "name": "XRP",
        "rank": 3,
        "market_cap_usd": 136350000000.0,
        "price_usd": 2.39
    },
    {
        "name": "Tether",
        "rank": 4,
        "market_cap_usd": 130820000000.0,
        "price_usd": 1.000798
    },
    {
        "name": "Solana",
        "rank": 5,
        "market_cap_usd": 108600000000.0,
        "price_usd": 228.6
    },
    {
        "name": "Binance Coin",
        "rank": 6,
        "market_cap_usd": 95980000000.0,
        "price_usd": 650.37
    },
    {
        "name": "Dogecoin",
        "rank": 7,
        "market_cap_usd": 64560000000.0,
        "price_usd": 0.439134
    },
    {
        "name": "Cardano",
        "rank": 8,
        "market_cap_usd": 39790000000.0,
        "price_usd": 1.134561
    },
    {
        "name": "USD Coin",
        "rank": 9,
        "market_cap_usd": 39010000000.0,
        "price_usd": 0.99995
    },
    {
        "name": "Avalanche",
        "rank": 10,
        "market_cap_usd": 19410000000.0,
        "price_usd": 47.42
    },
    {
        "name": "TRON",
        "rank": 11,
        "market_cap_usd": 17980000000.0,
        "price_usd": 0.208272
    },
    {
        "name": "Shiba Inu",
        "rank": 12,
        "market_cap_usd": 17640000000.0,
        "price_usd": 2.994e-05
    },
    {
        "name": "Toncoin",
        "rank": 13,
        "market_cap_usd": 16710000000.0,
        "price_usd": 6.56
    },
    {
        "name": "Stellar",
        "rank": 14,
        "market_cap_usd": 16270000000.0,
        "price_usd": 0.540884
    },
    {
        "name": "Wrapped Bitcoin",
        "rank": 15,
        "market_cap_usd": 14970000000.0,
        "price_usd": 96309.0
    },
    {
        "name": "Polkadot",
        "rank": 16,
        "market_cap_usd": 13840000000.0,
        "price_usd": 9.08
    },
    {
        "name": "Chainlink",
        "rank": 17,
        "market_cap_usd": 11850000000.0,
        "price_usd": 18.91
    },
    {
        "name": "Bitcoin Cash",
        "rank": 18,
        "market_cap_usd": 10500000000.0,
        "price_usd": 530.54
    },
    {
        "name": "Litecoin",
        "rank": 19,
        "market_cap_usd": 8980000000.0,
        "price_usd": 119.37
    },
    {
        "name": "Pepe Coin",
        "rank": 20,
        "market_cap_usd": 8820000000.0,
        "price_usd": 2.096e-05
    },
    {
        "name": "Hedera Hashgraph",
        "rank": 21,
        "market_cap_usd": 8560000000.000001,
        "price_usd": 0.239361
    },
    {
        "name": "NEAR Protocol",
        "rank": 22,
        "market_cap_usd": 8180000000.0,
        "price_usd": 6.72
    },
    {
        "name": "Sui Crypto",
        "rank": 23,
        "market_cap_usd": 7740000000.0,
        "price_usd": 3.31
    },
    {
        "name": "Uniswap",
        "rank": 24,
        "market_cap_usd": 7690000000.0,
        "price_usd": 12.8
    },
    {
        "name": "Aptos",
        "rank": 25,
        "market_cap_usd": 6870000000.0,
        "price_usd": 12.86
    },
    {
        "name": "Internet Computer",
        "rank": 26,
        "market_cap_usd": 6310000000.0,
        "price_usd": 13.28
    },
    {
        "name": "UNUS SED LEO",
        "rank": 27,
        "market_cap_usd": 5580000000.0,
        "price_usd": 6.03
    },
    {
        "name": "Multi-Collateral Dai",
        "rank": 28,
        "market_cap_usd": 5350000000.0,
        "price_usd": 0.999938
    },
    {
        "name": "Ethereum Classic",
        "rank": 29,
        "market_cap_usd": 4950000000.0,
        "price_usd": 33.02
    },
    {
        "name": "Cronos",
        "rank": 30,
        "market_cap_usd": 4930000000.0,
        "price_usd": 0.185634
    },
    {
        "name": "Fetch.ai",
        "rank": 31,
        "market_cap_usd": 4560000000.0,
        "price_usd": 1.80878
    },
    {
        "name": "Bittensor",
        "rank": 32,
        "market_cap_usd": 4510000000.0,
        "price_usd": 611.25
    },
    {
        "name": "Filecoin",
        "rank": 33,
        "market_cap_usd": 4290000000.0,
        "price_usd": 7.08
    },
    {
        "name": "Kaspa",
        "rank": 34,
        "market_cap_usd": 4130000000.0,
        "price_usd": 0.163393
    },
    {
        "name": "VeChain",
        "rank": 35,
        "market_cap_usd": 4070000000.0000005,
        "price_usd": 0.050229
    },
    {
        "name": "Algorand",
        "rank": 36,
        "market_cap_usd": 4019999999.9999995,
        "price_usd": 0.484606
    },
    {
        "name": "Arbitrum",
        "rank": 37,
        "market_cap_usd": 3920000000.0,
        "price_usd": 0.956273
    },
    {
        "name": "Cosmos",
        "rank": 38,
        "market_cap_usd": 3500000000.0,
        "price_usd": 8.95
    },
    {
        "name": "Polygon Ecosystem Token",
        "rank": 39,
        "market_cap_usd": 3470000000.0,
        "price_usd": 0.611698
    },
    {
        "name": "Stacks",
        "rank": 40,
        "market_cap_usd": 3430000000.0,
        "price_usd": 2.28
    },
    {
        "name": "Celestia",
        "rank": 41,
        "market_cap_usd": 3340000000.0,
        "price_usd": 7.67
    },
    {
        "name": "Bonk",
        "rank": 42,
        "market_cap_usd": 3280000000.0,
        "price_usd": 4.364e-05
    },
    {
        "name": "OKB",
        "rank": 43,
        "market_cap_usd": 3280000000.0,
        "price_usd": 54.59
    },
    {
        "name": "Dogwifhat",
        "rank": 44,
        "market_cap_usd": 3200000000.0,
        "price_usd": 3.2
    },
    {
        "name": "Aave",
        "rank": 45,
        "market_cap_usd": 3130000000.0,
        "price_usd": 208.74
    },
    {
        "name": "Render Token",
        "rank": 46,
        "market_cap_usd": 3110000000.0,
        "price_usd": 7.92
    },
    {
        "name": "Mantle",
        "rank": 47,
        "market_cap_usd": 3050000000.0,
        "price_usd": 0.907138
    },
    {
        "name": "Optimism",
        "rank": 48,
        "market_cap_usd": 3020000000.0,
        "price_usd": 2.41
    },
    {
        "name": "Injective",
        "rank": 49,
        "market_cap_usd": 2980000000.0,
        "price_usd": 30.17
    },
    {
        "name": "MANTRA DAO",
        "rank": 50,
        "market_cap_usd": 2950000000.0,
        "price_usd": 3.52
    }
]