[
    {
        "name": "Bitcoin",
        "rank": 1,
        "market_cap_usd": 1940000000000.0,
        "price_usd": 98115.0
    },
    {
        "name": "Ethereum",
        "rank": 2,
        "market_cap_usd": 411370000000.0,
        "price_usd": 3415.96
    },
    {
        "name": "Tether",
        "rank": 3,
        "market_cap_usd": 130699999999.99998,
        "price_usd": 0.999873
    },
    {
        "name": "Solana",
        "rank": 4,
        "market_cap_usd": 122240000000.0,
        "price_usd": 257.53
    },
    {
        "name": "Binance Coin",
        "rank": 5,
        "market_cap_usd": 96910000000.0,
        "price_usd": 656.71
    },
    {
        "name": "XRP",
        "rank": 6,
        "market_cap_usd": 83360000000.0,
        "price_usd": 1.464155
    },
    {
        "name": "Dogecoin",
        "rank": 7,
        "market_cap_usd": 64310000000.0,
        "price_usd": 0.437922
    },
    {
        "name": "USD Coin",
        "rank": 8,
        "market_cap_usd": 39010000000.0,
        "price_usd": 0.999967
    },
    {
        "name": "Cardano",
        "rank": 9,
        "market_cap_usd": 37550000000.0,
        "price_usd": 1.07169
    },
    {
        "name": "TRON",
        "rank": 10,
        "market_cap_usd": 18530000000.0,
        "price_usd": 0.214611
    },
    {
        "name": "Stellar",
        "rank": 11,
        "market_cap_usd": 17960000000.0,
        "price_usd": 0.599661
    },
    {
        "name": "Avalanche",
        "rank": 12,
        "market_cap_usd": 17280000000.0,
        "price_usd": 42.24
    },
    {
        "name": "Toncoin",
        "rank": 13,
        "market_cap_usd": 16300000000.0,
        "price_usd": 6.4
    },
    {
        "name": "Shiba Inu",
        "rank": 14,
        "market_cap_usd": 15790000000.0,
        "price_usd": 2.68e-05
    },
    {
        "name": "Wrapped Bitcoin",
        "rank": 15,
        "market_cap_usd": 15210000000.0,
        "price_usd": 97825.0
    },
    {
        "name": "Polkadot",
        "rank": 16,
        "market_cap_usd": 14050000000.0,
        "price_usd": 9.24
    },
    {
        "name": "Chainlink",
        "rank": 17,
        "market_cap_usd": 11150000000.0,
        "price_usd": 17.78
    },
    {
        "name": "Bitcoin Cash",
        "rank": 18,
        "market_cap_usd": 10260000000.0,
        "price_usd": 518.46
    },
    {
        "name": "Pepe Coin",
        "rank": 19,
        "market_cap_usd": 8730000000.0,
        "price_usd": 2.075e-05
    },
    {
        "name": "Sui Crypto",
        "rank": 20,
        "market_cap_usd": 8160000000.0,
        "price_usd": 3.49
    },
    {
        "name": "NEAR Protocol",
        "rank": 21,
        "market_cap_usd": 7860000000.0,
        "price_usd": 6.45
    },
    {
        "name": "Litecoin",
        "rank": 22,
        "market_cap_usd": 7610000000.0,
        "price_usd": 101.18
    },
    {
        "name": "Aptos",
        "rank": 23,
        "market_cap_usd": 7030000000.0,
        "price_usd": 13.19
    },
    {
        "name": "Uniswap",
        "rank": 24,
        "market_cap_usd": 6540000000.0,
        "price_usd": 10.89
    },
    {
        "name": "Internet Computer",
        "rank": 25,
        "market_cap_usd": 5650000000.0,
        "price_usd": 11.91
    },
    {
        "name": "UNUS SED LEO",
        "rank": 26,
        "market_cap_usd": 5580000000.0,
        "price_usd": 6.03
    },
    {
        "name": "Hedera Hashgraph",
        "rank": 27,
        "market_cap_usd": 5440000000.0,
        "price_usd": 0.152178
    },
    {
        "name": "Multi-Collateral Dai",
        "rank": 28,
        "market_cap_usd": 5340000000.0,
        "price_usd": 0.998508
    },
    {
        "name": "Cronos",
        "rank": 29,
        "market_cap_usd": 5260000000.0,
        "price_usd": 0.197848
    },
    {
        "name": "Ethereum Classic",
        "rank": 30,
        "market_cap_usd": 4520000000.0,
        "price_usd": 30.2
    },
    {
        "name": "Bittensor",
        "rank": 31,
        "market_cap_usd": 3980000000.0,
        "price_usd": 538.87
    },
    {
        "name": "Kaspa",
        "rank": 32,
        "market_cap_usd": 3910000000.0,
        "price_usd": 0.155086
    },
    {
        "name": "Fetch.ai",
        "rank": 33,
        "market_cap_usd": 3720000000.0,
        "price_usd": 1.474004
    },
    {
        "name": "Arbitrum",
        "rank": 34,
        "market_cap_usd": 3650000000.0,
        "price_usd": 0.88985
    },
    {
        "name": "Bonk",
        "rank": 35,
        "market_cap_usd": 3620000000.0,
        "price_usd": 4.828e-05
    },
    {
        "name": "Cosmos",
        "rank": 36,
        "market_cap_usd": 3620000000.0,
        "price_usd": 9.27
    },
    {
        "name": "Filecoin",
        "rank": 37,
        "market_cap_usd": 3590000000.0,
        "price_usd": 5.99
    },
    {
        "name": "VeChain",
        "rank": 38,
        "market_cap_usd": 3500000000.0,
        "price_usd": 0.043272
    },
    {
        "name": "Dogwifhat",
        "rank": 39,
        "market_cap_usd": 3350000000.0,
        "price_usd": 3.35
    },
    {
        "name": "Polygon Ecosystem Token",
        "rank": 40,
        "market_cap_usd": 3320000000.0,
        "price_usd": 0.585667
    },
    {
        "name": "Celestia",
        "rank": 41,
        "market_cap_usd": 3200000000.0,
        "price_usd": 7.57
    },
    {
        "name": "Stacks",
        "rank": 42,
        "market_cap_usd": 3180000000.0,
        "price_usd": 2.12
    },
    {
        "name": "MANTRA DAO",
        "rank": 43,
        "market_cap_usd": 3130000000.0,
        "price_usd": 3.74
    },
    {
        "name": "Render Token",
        "rank": 44,
        "market_cap_usd": 3120000000.0,
        "price_usd": 7.94
    },
    {
        "name": "OKB",
        "rank": 45,
        "market_cap_usd": 3090000000.0,
        "price_usd": 51.51
    },
    {
        "name": "Mantle",
        "rank": 46,
        "market_cap_usd": 2980000000.0,
        "price_usd": 0.885151
    },
    {
        "name": "Optimism",
        "rank": 47,
        "market_cap_usd": 2870000000.0,
        "price_usd": 2.29
    },
    {
        "name": "Monero",
        "rank": 48,
        "market_cap_usd": 2870000000.0,
        "price_usd": 155.35
    },
    {
        "name": "Injective",
        "rank": 49,
        "market_cap_usd": 2810000000.0,
        "price_usd": 28.38
    },
    {
        "name": "Aave",
        "rank": 50,
        "market_cap_usd": 2700000000.0,
        "price_usd": 180.42
    }
]