[
    {
        "name": "Bitcoin",
        "rank": 1,
        "market_cap_usd": 1900000000000.0,
        "price_usd": 96070.0
    },
    {
        "name": "Ethereum",
        "rank": 2,
        "market_cap_usd": 439100000000.0,
        "price_usd": 3645.8
    },
    {
        "name": "XRP",
        "rank": 3,
        "market_cap_usd": 155750000000.0,
        "price_usd": 2.73
    },
    {
        "name": "Tether",
        "rank": 4,
        "market_cap_usd": 130800000000.00002,
        "price_usd": 1.0006
    },
    {
        "name": "Solana",
        "rank": 5,
        "market_cap_usd": 108640000000.0,
        "price_usd": 228.68
    },
    {
        "name": "Binance Coin",
        "rank": 6,
        "market_cap_usd": 96250000000.0,
        "price_usd": 652.2
    },
    {
        "name": "Dogecoin",
        "rank": 7,
        "market_cap_usd": 62170000000.0,
        "price_usd": 0.422918
    },
    {
        "name": "Cardano",
        "rank": 8,
        "market_cap_usd": 45260000000.0,
        "price_usd": 1.290545
    },
    {
        "name": "USD Coin",
        "rank": 9,
        "market_cap_usd": 39010000000.0,
        "price_usd": 0.99995
    },
    {
        "name": "Avalanche",
        "rank": 10,
        "market_cap_usd": 21050000000.0,
        "price_usd": 51.44
    },
    {
        "name": "TRON",
        "rank": 11,
        "market_cap_usd": 19580000000.0,
        "price_usd": 0.226826
    },
    {
        "name": "Shiba Inu",
        "rank": 12,
        "market_cap_usd": 17210000000.0,
        "price_usd": 2.921e-05
    },
    {
        "name": "Stellar",
        "rank": 13,
        "market_cap_usd": 17040000000.0,
        "price_usd": 0.566457
    },
    {
        "name": "Toncoin",
        "rank": 14,
        "market_cap_usd": 16840000000.0,
        "price_usd": 6.61
    },
    {
        "name": "Polkadot",
        "rank": 15,
        "market_cap_usd": 15380000000.0,
        "price_usd": 10.09
    },
    {
        "name": "Chainlink",
        "rank": 16,
        "market_cap_usd": 15180000000.0,
        "price_usd": 24.22
    },
    {
        "name": "Wrapped Bitcoin",
        "rank": 17,
        "market_cap_usd": 14910000000.0,
        "price_usd": 95892.0
    },
    {
        "name": "Hedera Hashgraph",
        "rank": 18,
        "market_cap_usd": 13330000000.0,
        "price_usd": 0.372921
    },
    {
        "name": "Bitcoin Cash",
        "rank": 19,
        "market_cap_usd": 10710000000.0,
        "price_usd": 540.86
    },
    {
        "name": "Litecoin",
        "rank": 20,
        "market_cap_usd": 9860000000.0,
        "price_usd": 131.05
    },
    {
        "name": "NEAR Protocol",
        "rank": 21,
        "market_cap_usd": 8930000000.0,
        "price_usd": 7.33
    },
    {
        "name": "Pepe Coin",
        "rank": 22,
        "market_cap_usd": 8620000000.0,
        "price_usd": 2.048e-05
    },
    {
        "name": "Uniswap",
        "rank": 23,
        "market_cap_usd": 8480000000.0,
        "price_usd": 14.12
    },
    {
        "name": "Sui Crypto",
        "rank": 24,
        "market_cap_usd": 7910000000.0,
        "price_usd": 3.38
    },
    {
        "name": "Aptos",
        "rank": 25,
        "market_cap_usd": 7490000000.0,
        "price_usd": 14.01
    },
    {
        "name": "Internet Computer",
        "rank": 26,
        "market_cap_usd": 6640000000.0,
        "price_usd": 13.98
    },
    {
        "name": "UNUS SED LEO",
        "rank": 27,
        "market_cap_usd": 5570000000.0,
        "price_usd": 6.02
    },
    {
        "name": "VeChain",
        "rank": 28,
        "market_cap_usd": 5420000000.0,
        "price_usd": 0.066917
    },
    {
        "name": "Multi-Collateral Dai",
        "rank": 29,
        "market_cap_usd": 5350000000.0,
        "price_usd": 0.999977
    },
    {
        "name": "Cronos",
        "rank": 30,
        "market_cap_usd": 5350000000.0,
        "price_usd": 0.201201
    },
    {
        "name": "Ethereum Classic",
        "rank": 31,
        "market_cap_usd": 5080000000.0,
        "price_usd": 33.93
    },
    {
        "name": "Fetch.ai",
        "rank": 32,
        "market_cap_usd": 4840000000.0,
        "price_usd": 1.918589
    },
    {
        "name": "Bittensor",
        "rank": 33,
        "market_cap_usd": 4510000000.0,
        "price_usd": 611.07
    },
    {
        "name": "Filecoin",
        "rank": 34,
        "market_cap_usd": 4470000000.0,
        "price_usd": 7.39
    },
    {
        "name": "Algorand",
        "rank": 35,
        "market_cap_usd": 4440000000.0,
        "price_usd": 0.534988
    },
    {
        "name": "Arbitrum",
        "rank": 36,
        "market_cap_usd": 4280000000.0000005,
        "price_usd": 1.044421
    },
    {
        "name": "Kaspa",
        "rank": 37,
        "market_cap_usd": 3970000000.0,
        "price_usd": 0.157231
    },
    {
        "name": "Polygon Ecosystem Token",
        "rank": 38,
        "market_cap_usd": 3900000000.0,
        "price_usd": 0.687497
    },
    {
        "name": "Cosmos",
        "rank": 39,
        "market_cap_usd": 3850000000.0,
        "price_usd": 9.86
    },
    {
        "name": "Stacks",
        "rank": 40,
        "market_cap_usd": 3680000000.0,
        "price_usd": 2.45
    },
    {
        "name": "Aave",
        "rank": 41,
        "market_cap_usd": 3420000000.0,
        "price_usd": 227.86
    },
    {
        "name": "Celestia",
        "rank": 42,
        "market_cap_usd": 3380000000.0,
        "price_usd": 7.75
    },
    {
        "name": "Render Token",
        "rank": 43,
        "market_cap_usd": 3360000000.0,
        "price_usd": 8.56
    },
    {
        "name": "Fantom",
        "rank": 44,
        "market_cap_usd": 3330000000.0,
        "price_usd": 1.1892
    },
    {
        "name": "OKB",
        "rank": 45,
        "market_cap_usd": 3280000000.0,
        "price_usd": 54.71
    },
    {
        "name": "Optimism",
        "rank": 46,
        "market_cap_usd": 3240000000.0,
        "price_usd": 2.58
    },
    {
        "name": "Bonk",
        "rank": 47,
        "market_cap_usd": 3220000000.0,
        "price_usd": 4.278e-05
    },
    {
        "name": "Injective",
        "rank": 48,
        "market_cap_usd": 3190000000.0,
        "price_usd": 32.25
    },
    {
        "name": "Dogwifhat",
        "rank": 49,
        "market_cap_usd": 3150000000.0,
        "price_usd": 3.15
    },
    {
        "name": "Mantle",
        "rank": 50,
        "market_cap_usd": 3070000000.0,
        "price_usd": 0.912274
    }
]