[
    {
        "name": "Bitcoin",
        "rank": 1,
        "market_cap_usd": 1910000000000.0,
        "price_usd": 96335.0
    },
    {
        "name": "Ethereum",
        "rank": 2,
        "market_cap_usd": 445200000000.0,
        "price_usd": 3696.43
    },
    {
        "name": "Tether",
        "rank": 3,
        "market_cap_usd": 130820000000.0,
        "price_usd": 1.000762
    },
    {
        "name": "Solana",
        "rank": 4,
        "market_cap_usd": 112280000000.0,
        "price_usd": 236.33
    },
    {
        "name": "XRP",
        "rank": 5,
        "market_cap_usd": 107800000000.0,
        "price_usd": 1.889453
    },
    {
        "name": "Binance Coin",
        "rank": 6,
        "market_cap_usd": 96050000000.0,
        "price_usd": 650.84
    },
    {
        "name": "Dogecoin",
        "rank": 7,
        "market_cap_usd": 62860000000.0,
        "price_usd": 0.427562
    },
    {
        "name": "USD Coin",
        "rank": 8,
        "market_cap_usd": 39010000000.0,
        "price_usd": 0.999967
    },
    {
        "name": "Cardano",
        "rank": 9,
        "market_cap_usd": 36870000000.0,
        "price_usd": 1.051326
    },
    {
        "name": "Avalanche",
        "rank": 10,
        "market_cap_usd": 18140000000.0,
        "price_usd": 44.31
    },
    {
        "name": "TRON",
        "rank": 11,
        "market_cap_usd": 17590000000.0,
        "price_usd": 0.203797
    },
    {
        "name": "Shiba Inu",
        "rank": 12,
        "market_cap_usd": 17310000000.0,
        "price_usd": 2.937e-05
    },
    {
        "name": "Toncoin",
        "rank": 13,
        "market_cap_usd": 17070000000.0,
        "price_usd": 6.7
    },
    {
        "name": "Stellar",
        "rank": 14,
        "market_cap_usd": 15140000000.0,
        "price_usd": 0.503357
    },
    {
        "name": "Wrapped Bitcoin",
        "rank": 15,
        "market_cap_usd": 14960000000.0,
        "price_usd": 96194.0
    },
    {
        "name": "Polkadot",
        "rank": 16,
        "market_cap_usd": 13440000000.0,
        "price_usd": 8.82
    },
    {
        "name": "Chainlink",
        "rank": 17,
        "market_cap_usd": 11750000000.0,
        "price_usd": 18.75
    },
    {
        "name": "Bitcoin Cash",
        "rank": 18,
        "market_cap_usd": 10250000000.0,
        "price_usd": 517.95
    },
    {
        "name": "Pepe Coin",
        "rank": 19,
        "market_cap_usd": 8660000000.0,
        "price_usd": 2.059e-05
    },
    {
        "name": "NEAR Protocol",
        "rank": 20,
        "market_cap_usd": 8480000000.0,
        "price_usd": 6.96
    },
    {
        "name": "Sui Crypto",
        "rank": 21,
        "market_cap_usd": 7880000000.0,
        "price_usd": 3.37
    },
    {
        "name": "Uniswap",
        "rank": 22,
        "market_cap_usd": 7780000000.0,
        "price_usd": 12.95
    },
    {
        "name": "Litecoin",
        "rank": 23,
        "market_cap_usd": 7600000000.0,
        "price_usd": 100.93
    },
    {
        "name": "Aptos",
        "rank": 24,
        "market_cap_usd": 7020000000.0,
        "price_usd": 13.13
    },
    {
        "name": "Hedera Hashgraph",
        "rank": 25,
        "market_cap_usd": 6090000000.0,
        "price_usd": 0.170219
    },
    {
        "name": "Internet Computer",
        "rank": 26,
        "market_cap_usd": 5720000000.0,
        "price_usd": 12.04
    },
    {
        "name": "UNUS SED LEO",
        "rank": 27,
        "market_cap_usd": 5580000000.0,
        "price_usd": 6.03
    },
    {
        "name": "Multi-Collateral Dai",
        "rank": 28,
        "market_cap_usd": 5350000000.0,
        "price_usd": 0.999973
    },
    {
        "name": "Cronos",
        "rank": 29,
        "market_cap_usd": 4880000000.0,
        "price_usd": 0.183839
    },
    {
        "name": "Bittensor",
        "rank": 30,
        "market_cap_usd": 4840000000.0,
        "price_usd": 655.53
    },
    {
        "name": "Ethereum Classic",
        "rank": 31,
        "market_cap_usd": 4820000000.0,
        "price_usd": 32.18
    },
    {
        "name": "Fetch.ai",
        "rank": 32,
        "market_cap_usd": 4650000000.0,
        "price_usd": 1.843435
    },
    {
        "name": "Filecoin",
        "rank": 33,
        "market_cap_usd": 4120000000.0,
        "price_usd": 6.81
    },
    {
        "name": "Kaspa",
        "rank": 34,
        "market_cap_usd": 4050000000.0,
        "price_usd": 0.160212
    },
    {
        "name": "Arbitrum",
        "rank": 35,
        "market_cap_usd": 3950000000.0,
        "price_usd": 0.964506
    },
    {
        "name": "VeChain",
        "rank": 36,
        "market_cap_usd": 3610000000.0,
        "price_usd": 0.044595
    },
    {
        "name": "Algorand",
        "rank": 37,
        "market_cap_usd": 3580000000.0,
        "price_usd": 0.431443
    },
    {
        "name": "Celestia",
        "rank": 38,
        "market_cap_usd": 3540000000.0,
        "price_usd": 8.13
    },
    {
        "name": "Stacks",
        "rank": 39,
        "market_cap_usd": 3410000000.0,
        "price_usd": 2.27
    },
    {
        "name": "Bonk",
        "rank": 40,
        "market_cap_usd": 3400000000.0,
        "price_usd": 4.521e-05
    },
    {
        "name": "Polygon Ecosystem Token",
        "rank": 41,
        "market_cap_usd": 3310000000.0,
        "price_usd": 0.584891
    },
    {
        "name": "Cosmos",
        "rank": 42,
        "market_cap_usd": 3300000000.0,
        "price_usd": 8.43
    },
    {
        "name": "OKB",
        "rank": 43,
        "market_cap_usd": 3220000000.0,
        "price_usd": 53.66
    },
    {
        "name": "Render Token",
        "rank": 44,
        "market_cap_usd": 3220000000.0,
        "price_usd": 8.2
    },
    {
        "name": "Mantle",
        "rank": 45,
        "market_cap_usd": 3140000000.0,
        "price_usd": 0.93191
    },
    {
        "name": "Aave",
        "rank": 46,
        "market_cap_usd": 3130000000.0,
        "price_usd": 209.12
    },
    {
        "name": "Dogwifhat",
        "rank": 47,
        "market_cap_usd": 3100000000.0,
        "price_usd": 3.1
    },
    {
        "name": "Immutable X",
        "rank": 48,
        "market_cap_usd": 3070000000.0,
        "price_usd": 2.07
    },
    {
        "name": "Optimism",
        "rank": 49,
        "market_cap_usd": 3020000000.0,
        "price_usd": 2.41
    },
    {
        "name": "Injective",
        "rank": 50,
        "market_cap_usd": 3020000000.0,
        "price_usd": 30.55
    }
]