[
    {
        "name": "Bitcoin",
        "rank": 1,
        "market_cap_usd": 1910000000000.0,
        "price_usd": 96666.0
    },
    {
        "name": "Ethereum",
        "rank": 2,
        "market_cap_usd": 438980000000.0,
        "price_usd": 3645.21
    },
    {
        "name": "Tether",
        "rank": 3,
        "market_cap_usd": 130810000000.0,
        "price_usd": 1.000727
    },
    {
        "name": "Solana",
        "rank": 4,
        "market_cap_usd": 115190000000.0,
        "price_usd": 242.67
    },
    {
        "name": "XRP",
        "rank": 5,
        "market_cap_usd": 104050000000.0,
        "price_usd": 1.82757
    },
    {
        "name": "Binance Coin",
        "rank": 6,
        "market_cap_usd": 96700000000.0,
        "price_usd": 655.23
    },
    {
        "name": "Dogecoin",
        "rank": 7,
        "market_cap_usd": 61930000000.0,
        "price_usd": 0.421711
    },
    {
        "name": "USD Coin",
        "rank": 8,
        "market_cap_usd": 39010000000.0,
        "price_usd": 0.999942
    },
    {
        "name": "Cardano",
        "rank": 9,
        "market_cap_usd": 37330000000.0,
        "price_usd": 1.065513
    },
    {
        "name": "Avalanche",
        "rank": 10,
        "market_cap_usd": 18160000000.0,
        "price_usd": 44.4
    },
    {
        "name": "TRON",
        "rank": 11,
        "market_cap_usd": 17600000000.0,
        "price_usd": 0.203827
    },
    {
        "name": "Toncoin",
        "rank": 12,
        "market_cap_usd": 16550000000.0,
        "price_usd": 6.5
    },
    {
        "name": "Stellar",
        "rank": 13,
        "market_cap_usd": 15910000000.0,
        "price_usd": 0.531133
    },
    {
        "name": "Shiba Inu",
        "rank": 14,
        "market_cap_usd": 15230000000.0,
        "price_usd": 2.585e-05
    },
    {
        "name": "Wrapped Bitcoin",
        "rank": 15,
        "market_cap_usd": 15000000000.0,
        "price_usd": 96510.0
    },
    {
        "name": "Polkadot",
        "rank": 16,
        "market_cap_usd": 13230000000.0,
        "price_usd": 8.7
    },
    {
        "name": "Chainlink",
        "rank": 17,
        "market_cap_usd": 11550000000.0,
        "price_usd": 18.43
    },
    {
        "name": "Bitcoin Cash",
        "rank": 18,
        "market_cap_usd": 10160000000.0,
        "price_usd": 513.63
    },
    {
        "name": "Pepe Coin",
        "rank": 19,
        "market_cap_usd": 8630000000.0,
        "price_usd": 2.051e-05
    },
    {
        "name": "NEAR Protocol",
        "rank": 20,
        "market_cap_usd": 8400000000.0,
        "price_usd": 6.9
    },
    {
        "name": "Sui Crypto",
        "rank": 21,
        "market_cap_usd": 8070000000.0,
        "price_usd": 3.45
    },
    {
        "name": "Uniswap",
        "rank": 22,
        "market_cap_usd": 7850000000.0,
        "price_usd": 13.08
    },
    {
        "name": "Litecoin",
        "rank": 23,
        "market_cap_usd": 7600000000.0,
        "price_usd": 101.1
    },
    {
        "name": "Aptos",
        "rank": 24,
        "market_cap_usd": 7020000000.0,
        "price_usd": 13.17
    },
    {
        "name": "Hedera Hashgraph",
        "rank": 25,
        "market_cap_usd": 5940000000.0,
        "price_usd": 0.166038
    },
    {
        "name": "Internet Computer",
        "rank": 26,
        "market_cap_usd": 5650000000.0,
        "price_usd": 11.91
    },
    {
        "name": "UNUS SED LEO",
        "rank": 27,
        "market_cap_usd": 5580000000.0,
        "price_usd": 6.03
    },
    {
        "name": "Multi-Collateral Dai",
        "rank": 28,
        "market_cap_usd": 5350000000.0,
        "price_usd": 1.000106
    },
    {
        "name": "Ethereum Classic",
        "rank": 29,
        "market_cap_usd": 4980000000.0,
        "price_usd": 33.31
    },
    {
        "name": "Cronos",
        "rank": 30,
        "market_cap_usd": 4920000000.0,
        "price_usd": 0.185332
    },
    {
        "name": "Bittensor",
        "rank": 31,
        "market_cap_usd": 4550000000.0,
        "price_usd": 616.78
    },
    {
        "name": "Fetch.ai",
        "rank": 32,
        "market_cap_usd": 4430000000.0,
        "price_usd": 1.756624
    },
    {
        "name": "Kaspa",
        "rank": 33,
        "market_cap_usd": 3990000000.0,
        "price_usd": 0.158258
    },
    {
        "name": "Arbitrum",
        "rank": 34,
        "market_cap_usd": 3920000000.0,
        "price_usd": 0.957039
    },
    {
        "name": "Filecoin",
        "rank": 35,
        "market_cap_usd": 3680000000.0,
        "price_usd": 6.14
    },
    {
        "name": "VeChain",
        "rank": 36,
        "market_cap_usd": 3570000000.0,
        "price_usd": 0.044139
    },
    {
        "name": "Celestia",
        "rank": 37,
        "market_cap_usd": 3510000000.0,
        "price_usd": 8.31
    },
    {
        "name": "Stacks",
        "rank": 38,
        "market_cap_usd": 3470000000.0,
        "price_usd": 2.31
    },
    {
        "name": "Bonk",
        "rank": 39,
        "market_cap_usd": 3420000000.0,
        "price_usd": 4.555e-05
    },
    {
        "name": "Algorand",
        "rank": 40,
        "market_cap_usd": 3370000000.0,
        "price_usd": 0.406794
    },
    {
        "name": "Cosmos",
        "rank": 41,
        "market_cap_usd": 3360000000.0,
        "price_usd": 8.6
    },
    {
        "name": "Polygon Ecosystem Token",
        "rank": 42,
        "market_cap_usd": 3310000000.0,
        "price_usd": 0.584181
    },
    {
        "name": "OKB",
        "rank": 43,
        "market_cap_usd": 3260000000.0,
        "price_usd": 54.4
    },
    {
        "name": "Render Token",
        "rank": 44,
        "market_cap_usd": 3260000000.0,
        "price_usd": 8.3
    },
    {
        "name": "Dogwifhat",
        "rank": 45,
        "market_cap_usd": 3260000000.0,
        "price_usd": 3.26
    },
    {
        "name": "Optimism",
        "rank": 46,
        "market_cap_usd": 3050000000.0,
        "price_usd": 2.43
    },
    {
        "name": "Aave",
        "rank": 47,
        "market_cap_usd": 3020000000.0,
        "price_usd": 201.75
    },
    {
        "name": "Mantle",
        "rank": 48,
        "market_cap_usd": 3010000000.0,
        "price_usd": 0.894754
    },
    {
        "name": "Injective",
        "rank": 49,
        "market_cap_usd": 3010000000.0,
        "price_usd": 30.43
    },
    {
        "name": "Fantom",
        "rank": 50,
        "market_cap_usd": 2930000000.0,
        "price_usd": 1.046517
    }
]