[
    {
        "name": "Bitcoin",
        "rank": 1,
        "market_cap_usd": 1930000000000.0,
        "price_usd": 97801.0
    },
    {
        "name": "Ethereum",
        "rank": 2,
        "market_cap_usd": 405960000000.0,
        "price_usd": 3371.02
    },
    {
        "name": "Tether",
        "rank": 3,
        "market_cap_usd": 130740000000.00002,
        "price_usd": 1.000126
    },
    {
        "name": "Solana",
        "rank": 4,
        "market_cap_usd": 120030000000.0,
        "price_usd": 252.86
    },
    {
        "name": "Binance Coin",
        "rank": 5,
        "market_cap_usd": 96820000000.0,
        "price_usd": 656.07
    },
    {
        "name": "XRP",
        "rank": 6,
        "market_cap_usd": 81690000000.0,
        "price_usd": 1.434829
    },
    {
        "name": "Dogecoin",
        "rank": 7,
        "market_cap_usd": 62050000000.0,
        "price_usd": 0.422491
    },
    {
        "name": "USD Coin",
        "rank": 8,
        "market_cap_usd": 39010000000.0,
        "price_usd": 0.999975
    },
    {
        "name": "Cardano",
        "rank": 9,
        "market_cap_usd": 36440000000.0,
        "price_usd": 1.040183
    },
    {
        "name": "TRON",
        "rank": 10,
        "market_cap_usd": 18000000000.0,
        "price_usd": 0.208404
    },
    {
        "name": "Avalanche",
        "rank": 11,
        "market_cap_usd": 17000000000.0,
        "price_usd": 41.57
    },
    {
        "name": "Stellar",
        "rank": 12,
        "market_cap_usd": 15920000000.0,
        "price_usd": 0.531426
    },
    {
        "name": "Toncoin",
        "rank": 13,
        "market_cap_usd": 15430000000.0,
        "price_usd": 6.06
    },
    {
        "name": "Wrapped Bitcoin",
        "rank": 14,
        "market_cap_usd": 15170000000.0,
        "price_usd": 97539.0
    },
    {
        "name": "Shiba Inu",
        "rank": 15,
        "market_cap_usd": 14980000000.0,
        "price_usd": 2.542e-05
    },
    {
        "name": "Polkadot",
        "rank": 16,
        "market_cap_usd": 13440000000.0,
        "price_usd": 8.84
    },
    {
        "name": "Chainlink",
        "rank": 17,
        "market_cap_usd": 11250000000.0,
        "price_usd": 17.94
    },
    {
        "name": "Bitcoin Cash",
        "rank": 18,
        "market_cap_usd": 10110000000.0,
        "price_usd": 510.63
    },
    {
        "name": "NEAR Protocol",
        "rank": 19,
        "market_cap_usd": 8610000000.0,
        "price_usd": 7.07
    },
    {
        "name": "Pepe Coin",
        "rank": 20,
        "market_cap_usd": 8410000000.0,
        "price_usd": 1.999e-05
    },
    {
        "name": "Sui Crypto",
        "rank": 21,
        "market_cap_usd": 7910000000.0,
        "price_usd": 3.38
    },
    {
        "name": "Litecoin",
        "rank": 22,
        "market_cap_usd": 7260000000.0,
        "price_usd": 96.49
    },
    {
        "name": "Aptos",
        "rank": 23,
        "market_cap_usd": 6580000000.0,
        "price_usd": 12.36
    },
    {
        "name": "Uniswap",
        "rank": 24,
        "market_cap_usd": 6530000000.0,
        "price_usd": 10.87
    },
    {
        "name": "UNUS SED LEO",
        "rank": 25,
        "market_cap_usd": 5590000000.0,
        "price_usd": 6.04
    },
    {
        "name": "Internet Computer",
        "rank": 26,
        "market_cap_usd": 5400000000.0,
        "price_usd": 11.37
    },
    {
        "name": "Multi-Collateral Dai",
        "rank": 27,
        "market_cap_usd": 5340000000.0,
        "price_usd": 0.999375
    },
    {
        "name": "Hedera Hashgraph",
        "rank": 28,
        "market_cap_usd": 5060000000.0,
        "price_usd": 0.14158
    },
    {
        "name": "Cronos",
        "rank": 29,
        "market_cap_usd": 4940000000.0,
        "price_usd": 0.185729
    },
    {
        "name": "Ethereum Classic",
        "rank": 30,
        "market_cap_usd": 4290000000.0,
        "price_usd": 28.65
    },
    {
        "name": "Bittensor",
        "rank": 31,
        "market_cap_usd": 3900000000.0,
        "price_usd": 528.31
    },
    {
        "name": "Kaspa",
        "rank": 32,
        "market_cap_usd": 3850000000.0,
        "price_usd": 0.152708
    },
    {
        "name": "Fetch.ai",
        "rank": 33,
        "market_cap_usd": 3800000000.0,
        "price_usd": 1.509216
    },
    {
        "name": "Arbitrum",
        "rank": 34,
        "market_cap_usd": 3500000000.0,
        "price_usd": 0.855405
    },
    {
        "name": "Bonk",
        "rank": 35,
        "market_cap_usd": 3480000000.0,
        "price_usd": 4.631e-05
    },
    {
        "name": "VeChain",
        "rank": 36,
        "market_cap_usd": 3460000000.0,
        "price_usd": 0.042676
    },
    {
        "name": "Stacks",
        "rank": 37,
        "market_cap_usd": 3450000000.0,
        "price_usd": 2.3
    },
    {
        "name": "Filecoin",
        "rank": 38,
        "market_cap_usd": 3370000000.0,
        "price_usd": 5.62
    },
    {
        "name": "Cosmos",
        "rank": 39,
        "market_cap_usd": 3350000000.0,
        "price_usd": 8.57
    },
    {
        "name": "OKB",
        "rank": 40,
        "market_cap_usd": 3340000000.0,
        "price_usd": 55.68
    },
    {
        "name": "Celestia",
        "rank": 41,
        "market_cap_usd": 3240000000.0,
        "price_usd": 7.67
    },
    {
        "name": "Dogwifhat",
        "rank": 42,
        "market_cap_usd": 3180000000.0,
        "price_usd": 3.18
    },
    {
        "name": "Polygon Ecosystem Token",
        "rank": 43,
        "market_cap_usd": 3170000000.0,
        "price_usd": 0.560266
    },
    {
        "name": "Render Token",
        "rank": 44,
        "market_cap_usd": 3160000000.0,
        "price_usd": 8.05
    },
    {
        "name": "MANTRA DAO",
        "rank": 45,
        "market_cap_usd": 3070000000.0,
        "price_usd": 3.66
    },
    {
        "name": "Mantle",
        "rank": 46,
        "market_cap_usd": 2850000000.0,
        "price_usd": 0.845148
    },
    {
        "name": "Monero",
        "rank": 47,
        "market_cap_usd": 2820000000.0,
        "price_usd": 152.76
    },
    {
        "name": "Optimism",
        "rank": 48,
        "market_cap_usd": 2750000000.0,
        "price_usd": 2.19
    },
    {
        "name": "Injective",
        "rank": 49,
        "market_cap_usd": 2740000000.0,
        "price_usd": 27.72
    },
    {
        "name": "Fantom",
        "rank": 50,
        "market_cap_usd": 2680000000.0,
        "price_usd": 0.954191
    }
]