[
    {
        "name": "Bitcoin",
        "rank": 1,
        "market_cap_usd": 1910000000000.0,
        "price_usd": 96385.0
    },
    {
        "name": "Ethereum",
        "rank": 2,
        "market_cap_usd": 430410000000.0,
        "price_usd": 3574.11
    },
    {
        "name": "Tether",
        "rank": 3,
        "market_cap_usd": 130810000000.0,
        "price_usd": 1.000673
    },
    {
        "name": "Solana",
        "rank": 4,
        "market_cap_usd": 114430000000.0,
        "price_usd": 241.08
    },
    {
        "name": "Binance Coin",
        "rank": 5,
        "market_cap_usd": 96800000000.0,
        "price_usd": 655.93
    },
    {
        "name": "XRP",
        "rank": 6,
        "market_cap_usd": 88120000000.0,
        "price_usd": 1.547908
    },
    {
        "name": "Dogecoin",
        "rank": 7,
        "market_cap_usd": 59590000000.0,
        "price_usd": 0.405735
    },
    {
        "name": "USD Coin",
        "rank": 8,
        "market_cap_usd": 39010000000.0,
        "price_usd": 0.999967
    },
    {
        "name": "Cardano",
        "rank": 9,
        "market_cap_usd": 36710000000.0,
        "price_usd": 1.047835
    },
    {
        "name": "Avalanche",
        "rank": 10,
        "market_cap_usd": 17700000000.0,
        "price_usd": 43.27
    },
    {
        "name": "TRON",
        "rank": 11,
        "market_cap_usd": 17430000000.0,
        "price_usd": 0.201876
    },
    {
        "name": "Toncoin",
        "rank": 12,
        "market_cap_usd": 16120000000.000002,
        "price_usd": 6.33
    },
    {
        "name": "Shiba Inu",
        "rank": 13,
        "market_cap_usd": 15170000000.0,
        "price_usd": 2.575e-05
    },
    {
        "name": "Wrapped Bitcoin",
        "rank": 14,
        "market_cap_usd": 14970000000.0,
        "price_usd": 96268.0
    },
    {
        "name": "Stellar",
        "rank": 15,
        "market_cap_usd": 14740000000.0,
        "price_usd": 0.492264
    },
    {
        "name": "Polkadot",
        "rank": 16,
        "market_cap_usd": 12990000000.0,
        "price_usd": 8.54
    },
    {
        "name": "Chainlink",
        "rank": 17,
        "market_cap_usd": 11140000000.0,
        "price_usd": 17.77
    },
    {
        "name": "Bitcoin Cash",
        "rank": 18,
        "market_cap_usd": 10130000000.0,
        "price_usd": 511.61
    },
    {
        "name": "Pepe Coin",
        "rank": 19,
        "market_cap_usd": 8390000000.000001,
        "price_usd": 1.995e-05
    },
    {
        "name": "NEAR Protocol",
        "rank": 20,
        "market_cap_usd": 8310000000.000001,
        "price_usd": 6.82
    },
    {
        "name": "Sui Crypto",
        "rank": 21,
        "market_cap_usd": 8050000000.000001,
        "price_usd": 3.44
    },
    {
        "name": "Uniswap",
        "rank": 22,
        "market_cap_usd": 7550000000.0,
        "price_usd": 12.58
    },
    {
        "name": "Litecoin",
        "rank": 23,
        "market_cap_usd": 7250000000.0,
        "price_usd": 96.4
    },
    {
        "name": "Aptos",
        "rank": 24,
        "market_cap_usd": 6810000000.0,
        "price_usd": 12.79
    },
    {
        "name": "UNUS SED LEO",
        "rank": 25,
        "market_cap_usd": 5580000000.0,
        "price_usd": 6.03
    },
    {
        "name": "Internet Computer",
        "rank": 26,
        "market_cap_usd": 5450000000.0,
        "price_usd": 11.49
    },
    {
        "name": "Multi-Collateral Dai",
        "rank": 27,
        "market_cap_usd": 5350000000.0,
        "price_usd": 0.999979
    },
    {
        "name": "Hedera Hashgraph",
        "rank": 28,
        "market_cap_usd": 5310000000.0,
        "price_usd": 0.148635
    },
    {
        "name": "Cronos",
        "rank": 29,
        "market_cap_usd": 4910000000.0,
        "price_usd": 0.184683
    },
    {
        "name": "Ethereum Classic",
        "rank": 30,
        "market_cap_usd": 4730000000.0,
        "price_usd": 31.59
    },
    {
        "name": "Bittensor",
        "rank": 31,
        "market_cap_usd": 4450000000.0,
        "price_usd": 602.51
    },
    {
        "name": "Fetch.ai",
        "rank": 32,
        "market_cap_usd": 4040000000.0,
        "price_usd": 1.601384
    },
    {
        "name": "Kaspa",
        "rank": 33,
        "market_cap_usd": 3830000000.0,
        "price_usd": 0.152034
    },
    {
        "name": "Arbitrum",
        "rank": 34,
        "market_cap_usd": 3710000000.0,
        "price_usd": 0.905575
    },
    {
        "name": "Celestia",
        "rank": 35,
        "market_cap_usd": 3430000000.0,
        "price_usd": 8.12
    },
    {
        "name": "Filecoin",
        "rank": 36,
        "market_cap_usd": 3430000000.0,
        "price_usd": 5.71
    },
    {
        "name": "Stacks",
        "rank": 37,
        "market_cap_usd": 3410000000.0,
        "price_usd": 2.27
    },
    {
        "name": "Bonk",
        "rank": 38,
        "market_cap_usd": 3400000000.0,
        "price_usd": 4.532e-05
    },
    {
        "name": "VeChain",
        "rank": 39,
        "market_cap_usd": 3390000000.0,
        "price_usd": 0.041844
    },
    {
        "name": "OKB",
        "rank": 40,
        "market_cap_usd": 3210000000.0,
        "price_usd": 53.55
    },
    {
        "name": "Cosmos",
        "rank": 41,
        "market_cap_usd": 3210000000.0,
        "price_usd": 8.2
    },
    {
        "name": "Render Token",
        "rank": 42,
        "market_cap_usd": 3200000000.0,
        "price_usd": 8.15
    },
    {
        "name": "Polygon Ecosystem Token",
        "rank": 43,
        "market_cap_usd": 3190000000.0,
        "price_usd": 0.562293
    },
    {
        "name": "Dogwifhat",
        "rank": 44,
        "market_cap_usd": 3180000000.0,
        "price_usd": 3.18
    },
    {
        "name": "MANTRA DAO",
        "rank": 45,
        "market_cap_usd": 3040000000.0,
        "price_usd": 3.63
    },
    {
        "name": "Aave",
        "rank": 46,
        "market_cap_usd": 2970000000.0,
        "price_usd": 198.05
    },
    {
        "name": "Injective",
        "rank": 47,
        "market_cap_usd": 2950000000.0,
        "price_usd": 29.82
    },
    {
        "name": "Optimism",
        "rank": 48,
        "market_cap_usd": 2920000000.0,
        "price_usd": 2.33
    },
    {
        "name": "Mantle",
        "rank": 49,
        "market_cap_usd": 2910000000.0,
        "price_usd": 0.864432
    },
    {
        "name": "Algorand",
        "rank": 50,
        "market_cap_usd": 2910000000.0,
        "price_usd": 0.351039
    }
]