[
    {
        "name": "Bitcoin",
        "rank": 1,
        "market_cap_usd": 1790000000000.0,
        "price_usd": 90574.0,
        "percent_change_1h": 0.18,
        "percent_change_24h": 11.19,
        "percent_change_7d": 32.35
    },
    {
        "name": "Ethereum",
        "rank": 2,
        "market_cap_usd": 374170000000.0,
        "price_usd": 3107.14,
        "percent_change_1h": 0.31,
        "percent_change_24h": -2.37,
        "percent_change_7d": 17.46
    },
    {
        "name": "Tether",
        "rank": 3,
        "market_cap_usd": 124030000000.0,
        "price_usd": 1.000173,
        "percent_change_1h": 0.01,
        "percent_change_24h": -0.03,
        "percent_change_7d": 0.02
    },
    {
        "name": "Solana",
        "rank": 4,
        "market_cap_usd": 114800000000.0,
        "price_usd": 243.26,
        "percent_change_1h": 5.38,
        "percent_change_24h": 16.7,
        "percent_change_7d": 57.73
    },
    {
        "name": "Binance Coin",
        "rank": 5,
        "market_cap_usd": 92420000000.0,
        "price_usd": 626.28,
        "percent_change_1h": 1.13,
        "percent_change_24h": -1.32,
        "percent_change_7d": 4.74
    },
    {
        "name": "XRP",
        "rank": 6,
        "market_cap_usd": 64160000000.0,
        "price_usd": 1.128253,
        "percent_change_1h": 8.63,
        "percent_change_24h": 90.56,
        "percent_change_7d": 106.3
    },
    {
        "name": "Dogecoin",
        "rank": 7,
        "market_cap_usd": 54610000000.0,
        "price_usd": 0.372084,
        "percent_change_1h": 5.44,
        "percent_change_24h": 26.54,
        "percent_change_7d": 158.96
    },
    {
        "name": "USD Coin",
        "rank": 8,
        "market_cap_usd": 36720000000.0,
        "price_usd": 0.999908,
        "percent_change_1h": 0.0,
        "percent_change_24h": -0.01,
        "percent_change_7d": 0.01
    },
    {
        "name": "Cardano",
        "rank": 9,
        "market_cap_usd": 25960000000.0,
        "price_usd": 0.74127,
        "percent_change_1h": 3.76,
        "percent_change_24h": 25.03,
        "percent_change_7d": 109.06
    },
    {
        "name": "TRON",
        "rank": 10,
        "market_cap_usd": 17560000000.0,
        "price_usd": 0.203212,
        "percent_change_1h": 4.33,
        "percent_change_24h": 22.77,
        "percent_change_7d": 28.16
    },
    {
        "name": "Shiba Inu",
        "rank": 11,
        "market_cap_usd": 14740000000.0,
        "price_usd": 2.501e-05,
        "percent_change_1h": 3.55,
        "percent_change_24h": -5.11,
        "percent_change_7d": 31.16
    },
    {
        "name": "Avalanche",
        "rank": 12,
        "market_cap_usd": 14470000000.0,
        "price_usd": 35.53,
        "percent_change_1h": 0.51,
        "percent_change_24h": 11.11,
        "percent_change_7d": 26.29
    },
    {
        "name": "Wrapped Bitcoin",
        "rank": 13,
        "market_cap_usd": 14060000000.0,
        "price_usd": 90448.0,
        "percent_change_1h": 0.35,
        "percent_change_24h": 11.07,
        "percent_change_7d": 32.37
    },
    {
        "name": "Toncoin",
        "rank": 14,
        "market_cap_usd": 13950000000.0,
        "price_usd": 5.48,
        "percent_change_1h": -0.56,
        "percent_change_24h": 2.4,
        "percent_change_7d": 4.48
    },
    {
        "name": "Sui Crypto",
        "rank": 15,
        "market_cap_usd": 9030000000.0,
        "price_usd": 3.86,
        "percent_change_1h": 5.17,
        "percent_change_24h": 18.88,
        "percent_change_7d": 83.52
    },
    {
        "name": "Chainlink",
        "rank": 16,
        "market_cap_usd": 8970000000.0,
        "price_usd": 14.31,
        "percent_change_1h": 0.53,
        "percent_change_24h": 0.43,
        "percent_change_7d": 25.15
    },
    {
        "name": "Pepe Coin",
        "rank": 17,
        "market_cap_usd": 8880000000.0,
        "price_usd": 2.11e-05,
        "percent_change_1h": 1.34,
        "percent_change_24h": 66.88,
        "percent_change_7d": 97.21
    },
    {
        "name": "Bitcoin Cash",
        "rank": 18,
        "market_cap_usd": 8840000000.0,
        "price_usd": 446.7,
        "percent_change_1h": 0.03,
        "percent_change_24h": 1.39,
        "percent_change_7d": 21.95
    },
    {
        "name": "Polkadot",
        "rank": 19,
        "market_cap_usd": 8760000000.0,
        "price_usd": 5.77,
        "percent_change_1h": 1.63,
        "percent_change_24h": 10.82,
        "percent_change_7d": 31.56
    },
    {
        "name": "NEAR Protocol",
        "rank": 20,
        "market_cap_usd": 7260000000.0,
        "price_usd": 5.96,
        "percent_change_1h": -0.74,
        "percent_change_24h": 15.42,
        "percent_change_7d": 21.74
    },
    {
        "name": "Litecoin",
        "rank": 21,
        "market_cap_usd": 7000000000.0,
        "price_usd": 93.05,
        "percent_change_1h": 2.96,
        "percent_change_24h": 21.74,
        "percent_change_7d": 26.99
    },
    {
        "name": "Stellar",
        "rank": 22,
        "market_cap_usd": 6500000000.0,
        "price_usd": 0.217259,
        "percent_change_1h": 11.56,
        "percent_change_24h": 94.32,
        "percent_change_7d": 125.09
    },
    {
        "name": "Aptos",
        "rank": 23,
        "market_cap_usd": 6320000000.0,
        "price_usd": 12.14,
        "percent_change_1h": 0.86,
        "percent_change_24h": 7.3,
        "percent_change_7d": 22.39
    },
    {
        "name": "UNUS SED LEO",
        "rank": 24,
        "market_cap_usd": 5590000000.0,
        "price_usd": 6.04,
        "percent_change_1h": 0.0,
        "percent_change_24h": -2.38,
        "percent_change_7d": -0.62
    },
    {
        "name": "Uniswap",
        "rank": 25,
        "market_cap_usd": 5410000000.0,
        "price_usd": 9.01,
        "percent_change_1h": 1.1,
        "percent_change_24h": -2.52,
        "percent_change_7d": 20.15
    },
    {
        "name": "Multi-Collateral Dai",
        "rank": 26,
        "market_cap_usd": 5350000000.0,
        "price_usd": 1.000149,
        "percent_change_1h": 0.06,
        "percent_change_24h": -0.59,
        "percent_change_7d": 0.04
    },
    {
        "name": "Cronos",
        "rank": 27,
        "market_cap_usd": 4670000000.0,
        "price_usd": 0.175729,
        "percent_change_1h": 10.81,
        "percent_change_24h": 25.97,
        "percent_change_7d": 123.17
    },
    {
        "name": "Internet Computer",
        "rank": 28,
        "market_cap_usd": 4410000000.0,
        "price_usd": 9.31,
        "percent_change_1h": 0.89,
        "percent_change_24h": 1.38,
        "percent_change_7d": 13.66
    },
    {
        "name": "Hedera Hashgraph",
        "rank": 29,
        "market_cap_usd": 4000000000.0,
        "price_usd": 0.111942,
        "percent_change_1h": 32.17,
        "percent_change_24h": 98.66,
        "percent_change_7d": 113.52
    },
    {
        "name": "Ethereum Classic",
        "rank": 30,
        "market_cap_usd": 3970000000.0,
        "price_usd": 26.57,
        "percent_change_1h": -3.98,
        "percent_change_24h": 14.48,
        "percent_change_7d": 37.35
    },
    {
        "name": "Kaspa",
        "rank": 31,
        "market_cap_usd": 3970000000.0,
        "price_usd": 0.157813,
        "percent_change_1h": 4.8,
        "percent_change_24h": 2.63,
        "percent_change_7d": 18.36
    },
    {
        "name": "Bonk",
        "rank": 32,
        "market_cap_usd": 3860000000.0,
        "price_usd": 5.147e-05,
        "percent_change_1h": 0.25,
        "percent_change_24h": 97.12,
        "percent_change_7d": 116.97
    },
    {
        "name": "MANTRA DAO",
        "rank": 33,
        "market_cap_usd": 3690000000.0,
        "price_usd": 4.4,
        "percent_change_1h": 42.09,
        "percent_change_24h": 210.67,
        "percent_change_7d": 187.3
    },
    {
        "name": "Bittensor",
        "rank": 34,
        "market_cap_usd": 3660000000.0,
        "price_usd": 495.94,
        "percent_change_1h": -1.31,
        "percent_change_24h": -12.59,
        "percent_change_7d": -14.28
    },
    {
        "name": "Dogwifhat",
        "rank": 35,
        "market_cap_usd": 3640000000.0,
        "price_usd": 3.64,
        "percent_change_1h": 1.33,
        "percent_change_24h": 17.48,
        "percent_change_7d": 35.32
    },
    {
        "name": "Fetch.ai",
        "rank": 36,
        "market_cap_usd": 3270000000.0,
        "price_usd": 1.298981,
        "percent_change_1h": -0.06,
        "percent_change_24h": -14.31,
        "percent_change_7d": -9.34
    },
    {
        "name": "Render Token",
        "rank": 37,
        "market_cap_usd": 2990000000.0,
        "price_usd": 7.62,
        "percent_change_1h": 9.77,
        "percent_change_24h": 27.53,
        "percent_change_7d": 40.22
    },
    {
        "name": "Stacks",
        "rank": 38,
        "market_cap_usd": 2880000000.0,
        "price_usd": 1.921049,
        "percent_change_1h": -2.08,
        "percent_change_24h": -6.11,
        "percent_change_7d": 1.13
    },
    {
        "name": "Monero",
        "rank": 39,
        "market_cap_usd": 2820000000.0,
        "price_usd": 152.89,
        "percent_change_1h": 2.8,
        "percent_change_24h": 0.38,
        "percent_change_7d": 0.66
    },
    {
        "name": "Arbitrum",
        "rank": 40,
        "market_cap_usd": 2740000000.0,
        "price_usd": 0.688303,
        "percent_change_1h": -0.63,
        "percent_change_24h": 7.02,
        "percent_change_7d": 21.46
    },
    {
        "name": "Filecoin",
        "rank": 41,
        "market_cap_usd": 2730000000.0,
        "price_usd": 4.56,
        "percent_change_1h": -0.26,
        "percent_change_24h": 6.36,
        "percent_change_7d": 20.63
    },
    {
        "name": "OKB",
        "rank": 42,
        "market_cap_usd": 2700000000.0,
        "price_usd": 45.0,
        "percent_change_1h": 0.94,
        "percent_change_24h": 0.85,
        "percent_change_7d": 11.12
    },
    {
        "name": "Injective",
        "rank": 43,
        "market_cap_usd": 2520000000.0,
        "price_usd": 25.5,
        "percent_change_1h": -0.81,
        "percent_change_24h": -1.08,
        "percent_change_7d": 16.96
    },
    {
        "name": "VeChain",
        "rank": 44,
        "market_cap_usd": 2510000000.0,
        "price_usd": 0.030978,
        "percent_change_1h": 2.44,
        "percent_change_24h": 19.07,
        "percent_change_7d": 32.34
    },
    {
        "name": "Floki Inu",
        "rank": 45,
        "market_cap_usd": 2500000000.0,
        "price_usd": 0.000261,
        "percent_change_1h": 5.73,
        "percent_change_24h": 44.74,
        "percent_change_7d": 64.28
    },
    {
        "name": "Aave",
        "rank": 46,
        "market_cap_usd": 2500000000.0,
        "price_usd": 166.65,
        "percent_change_1h": -0.06,
        "percent_change_24h": -12.05,
        "percent_change_7d": 5.88
    },
    {
        "name": "Mantle",
        "rank": 47,
        "market_cap_usd": 2450000000.0,
        "price_usd": 0.727493,
        "percent_change_1h": -0.56,
        "percent_change_24h": -7.69,
        "percent_change_7d": 17.96
    },
    {
        "name": "Cosmos",
        "rank": 48,
        "market_cap_usd": 2390000000.0,
        "price_usd": 6.12,
        "percent_change_1h": -0.59,
        "percent_change_24h": 14.24,
        "percent_change_7d": 38.23
    },
    {
        "name": "Polygon Ecosystem Token",
        "rank": 49,
        "market_cap_usd": 2360000000.0,
        "price_usd": 0.417159,
        "percent_change_1h": -1.23,
        "percent_change_24h": 0.28,
        "percent_change_7d": 11.46
    },
    {
        "name": "First Digital USD",
        "rank": 50,
        "market_cap_usd": 2320000000.0,
        "price_usd": 0.999793,
        "percent_change_1h": -0.13,
        "percent_change_24h": 0.07,
        "percent_change_7d": 0.08
    }
]