[
    {
        "name": "Bitcoin",
        "rank": 1,
        "market_cap_usd": 1950000000000.0,
        "price_usd": 98539.0
    },
    {
        "name": "Ethereum",
        "rank": 2,
        "market_cap_usd": 402160000000.0,
        "price_usd": 3339.47
    },
    {
        "name": "Tether",
        "rank": 3,
        "market_cap_usd": 130560000000.0,
        "price_usd": 0.998762
    },
    {
        "name": "Solana",
        "rank": 4,
        "market_cap_usd": 123540000000.0,
        "price_usd": 260.27
    },
    {
        "name": "Binance Coin",
        "rank": 5,
        "market_cap_usd": 94730000000.0,
        "price_usd": 641.88
    },
    {
        "name": "XRP",
        "rank": 6,
        "market_cap_usd": 86390000000.0,
        "price_usd": 1.517363
    },
    {
        "name": "Dogecoin",
        "rank": 7,
        "market_cap_usd": 67019999999.99999,
        "price_usd": 0.456381
    },
    {
        "name": "USD Coin",
        "rank": 8,
        "market_cap_usd": 38290000000.0,
        "price_usd": 0.999942
    },
    {
        "name": "Cardano",
        "rank": 9,
        "market_cap_usd": 37310000000.0,
        "price_usd": 1.064947
    },
    {
        "name": "Avalanche",
        "rank": 10,
        "market_cap_usd": 17980000000.0,
        "price_usd": 43.96
    },
    {
        "name": "TRON",
        "rank": 11,
        "market_cap_usd": 17810000000.0,
        "price_usd": 0.206192
    },
    {
        "name": "Shiba Inu",
        "rank": 12,
        "market_cap_usd": 16100000000.000002,
        "price_usd": 2.733e-05
    },
    {
        "name": "Wrapped Bitcoin",
        "rank": 13,
        "market_cap_usd": 15280000000.0,
        "price_usd": 98307.0
    },
    {
        "name": "Toncoin",
        "rank": 14,
        "market_cap_usd": 14060000000.0,
        "price_usd": 5.52
    },
    {
        "name": "Stellar",
        "rank": 15,
        "market_cap_usd": 12670000000.0,
        "price_usd": 0.422852
    },
    {
        "name": "Polkadot",
        "rank": 16,
        "market_cap_usd": 11080000000.0,
        "price_usd": 7.29
    },
    {
        "name": "Bitcoin Cash",
        "rank": 17,
        "market_cap_usd": 10500000000.0,
        "price_usd": 530.6
    },
    {
        "name": "Chainlink",
        "rank": 18,
        "market_cap_usd": 10370000000.0,
        "price_usd": 16.55
    },
    {
        "name": "Pepe Coin",
        "rank": 19,
        "market_cap_usd": 8860000000.0,
        "price_usd": 2.107e-05
    },
    {
        "name": "Sui Crypto",
        "rank": 20,
        "market_cap_usd": 8279999999.999999,
        "price_usd": 3.54
    },
    {
        "name": "Litecoin",
        "rank": 21,
        "market_cap_usd": 7590000000.0,
        "price_usd": 100.94
    },
    {
        "name": "NEAR Protocol",
        "rank": 22,
        "market_cap_usd": 7450000000.0,
        "price_usd": 6.12
    },
    {
        "name": "Aptos",
        "rank": 23,
        "market_cap_usd": 6730000000.0,
        "price_usd": 12.64
    },
    {
        "name": "Uniswap",
        "rank": 24,
        "market_cap_usd": 6030000000.0,
        "price_usd": 10.04
    },
    {
        "name": "UNUS SED LEO",
        "rank": 25,
        "market_cap_usd": 5580000000.0,
        "price_usd": 6.03
    },
    {
        "name": "Multi-Collateral Dai",
        "rank": 26,
        "market_cap_usd": 5340000000.0,
        "price_usd": 0.998121
    },
    {
        "name": "Hedera Hashgraph",
        "rank": 27,
        "market_cap_usd": 5280000000.0,
        "price_usd": 0.147826
    },
    {
        "name": "Internet Computer",
        "rank": 28,
        "market_cap_usd": 5170000000.0,
        "price_usd": 10.9
    },
    {
        "name": "Cronos",
        "rank": 29,
        "market_cap_usd": 4980000000.0,
        "price_usd": 0.187463
    },
    {
        "name": "Ethereum Classic",
        "rank": 30,
        "market_cap_usd": 4330000000.0,
        "price_usd": 28.92
    },
    {
        "name": "Kaspa",
        "rank": 31,
        "market_cap_usd": 3950000000.0,
        "price_usd": 0.156705
    },
    {
        "name": "Bittensor",
        "rank": 32,
        "market_cap_usd": 3860000000.0,
        "price_usd": 522.56
    },
    {
        "name": "Bonk",
        "rank": 33,
        "market_cap_usd": 3780000000.0,
        "price_usd": 5.032e-05
    },
    {
        "name": "Fetch.ai",
        "rank": 34,
        "market_cap_usd": 3320000000.0,
        "price_usd": 1.317323
    },
    {
        "name": "Dogwifhat",
        "rank": 35,
        "market_cap_usd": 3320000000.0,
        "price_usd": 3.32
    },
    {
        "name": "Arbitrum",
        "rank": 36,
        "market_cap_usd": 3300000000.0,
        "price_usd": 0.805814
    },
    {
        "name": "MANTRA DAO",
        "rank": 37,
        "market_cap_usd": 3250000000.0,
        "price_usd": 3.88
    },
    {
        "name": "VeChain",
        "rank": 38,
        "market_cap_usd": 3140000000.0,
        "price_usd": 0.038826
    },
    {
        "name": "Render Token",
        "rank": 39,
        "market_cap_usd": 3020000000.0,
        "price_usd": 7.7
    },
    {
        "name": "Stacks",
        "rank": 40,
        "market_cap_usd": 3000000000.0,
        "price_usd": 2.0
    },
    {
        "name": "Cosmos",
        "rank": 41,
        "market_cap_usd": 2990000000.0,
        "price_usd": 7.66
    },
    {
        "name": "OKB",
        "rank": 42,
        "market_cap_usd": 2980000000.0,
        "price_usd": 49.63
    },
    {
        "name": "Filecoin",
        "rank": 43,
        "market_cap_usd": 2940000000.0,
        "price_usd": 4.9
    },
    {
        "name": "Polygon Ecosystem Token",
        "rank": 44,
        "market_cap_usd": 2920000000.0,
        "price_usd": 0.515593
    },
    {
        "name": "Monero",
        "rank": 45,
        "market_cap_usd": 2840000000.0,
        "price_usd": 154.15
    },
    {
        "name": "Mantle",
        "rank": 46,
        "market_cap_usd": 2830000000.0,
        "price_usd": 0.841487
    },
    {
        "name": "Injective",
        "rank": 47,
        "market_cap_usd": 2790000000.0,
        "price_usd": 28.18
    },
    {
        "name": "Optimism",
        "rank": 48,
        "market_cap_usd": 2760000000.0,
        "price_usd": 2.2
    },
    {
        "name": "Aave",
        "rank": 49,
        "market_cap_usd": 2610000000.0,
        "price_usd": 174.32
    },
    {
        "name": "Celestia",
        "rank": 50,
        "market_cap_usd": 2470000000.0,
        "price_usd": 5.85
    }
]